cluster,study_engagement_index,life_regularity_index,mental_health_index,current_gpa,previous_gpa,attendance_rate,homework_completion_rate,phone_usage_hours,avg_sleep_hours,exercise_frequency,cluster_name,student_count
0,0.7992847082494974,0.7367324949698195,0.6764841046277671,3.698621730382294,3.6917706237424524,0.9098088531187124,0.8763903420523137,4.26116700201208,7.481589537223339,2.9577464788732395,均衡型,497
1,0.6791755756578951,0.6950917763157897,0.6266805921052633,3.3696463815789492,3.379868421052631,0.8561611842105271,0.8129917763157891,5.20847039473684,7.507236842105261,2.6891447368421053,佛系型,608
2,0.6995674212598428,0.6056014763779538,0.6156251968503942,3.34373031496063,3.330334645669291,0.8645866141732286,0.8332401574803147,6.217224409448822,7.06722440944882,2.6535433070866143,努力型,508
3,0.759433823529412,0.6590307773109252,0.6527352941176464,3.818319327731091,3.7319327731092415,0.8904621848739491,0.857310924369748,5.386764705882356,7.448214285714286,3.189075630252101,学霸型,476
4,0.5992236997635932,0.6049424349881799,0.5714841607565012,3.0253546099290793,3.0549408983451523,0.8119479905437352,0.7723959810874701,6.732505910165481,7.2280141843971615,2.404255319148936,高危型,423
