cluster,study_engagement_index,life_regularity_index,mental_health_index,current_gpa,previous_gpa,attendance_rate,homework_completion_rate,phone_usage_hours,avg_sleep_hours,exercise_frequency,群体名称,学生人数
0,0.7704208333333333,0.6637944444444445,0.6604211111111111,3.5567407407407408,3.547388888888889,0.8917481481481481,0.8583796296296295,5.224814814814815,7.325740740740741,3.183333333333333,均衡型,540
1,0.6805629208754208,0.69823367003367,0.627196632996633,3.400319865319865,3.398989898989899,0.8571877104377105,0.8144141414141414,5.19023569023569,7.506565656565656,2.6245791245791246,佛系型,594
2,0.6032134831460675,0.6072126966292135,0.577938426966292,3.0050337078651688,3.042134831460674,0.8134157303370786,0.7728561797752809,6.649662921348314,7.184157303370786,2.4426966292134833,高危型,445
3,0.6909860537190082,0.6033643595041323,0.6061318181818182,3.453357438016529,3.4067768595041326,0.8626704545454547,0.8338832644628099,6.322107438016529,7.183574380165289,2.6549586776859506,均衡型,484
4,0.7981633295194508,0.7380636155606407,0.6747363844393592,3.875343249427918,3.8247711670480546,0.911804347826087,0.8770800915331808,4.27070938215103,7.55446224256293,2.9931350114416477,学霸型,437
