{
  "total_students": 2500,
  "cluster_distribution": {
    "均衡型": 484,
    "佛系型": 594,
    "高危型": 445,
    "学霸型": 437
  },
  "risk_distribution": {
    "低风险": 1625,
    "中风险": 625,
    "高风险": 250
  },
  "graduation_distribution": {
    "风险": 1075,
    "良好": 698,
    "严重风险": 618,
    "优秀": 109
  },
  "poverty_gpa_avg": {
    "poverty": 3.5135714285714283,
    "non_poverty": 3.4486914600550964
  },
  "phone_gpa_corr": -0.2979007702794863,
  "phone_segments_gpa": {
    "<3h": 3.722871287128713,
    "3-6h": 3.516009933774835,
    "6-8h": 3.3448223350253805,
    ">8h": 3.18529702970297
  }
}